https://www.google.com,Google,
https://www.linkedin.com,LinkedIn: Log In or Sign Up,"1 billion members | Manage your professional identity. Build and engage with your professional network. Access knowledge, insights and opportunities."
https://www.facebook.com,Facebook - लॉग इन या साइन अप करें,"अपने दोस्तों, परिवार और परिचित लोगों से शेयर करना और कनेक्ट करना शुरू करने के लिए Facebook में लॉग इन करें."
https://www.youtube.com,YouTube,"Enjoy the videos and music that you love, upload original content and share it all with friends, family and the world on YouTube."
https://www.instagram.com,Instagram,Create an account or log in to Instagram - Share what you're into with the people who get you.
https://www.github.com,GitHub · Change is constant. GitHub keeps you ahead. · GitHubAmerican AirlinesDuolingoErnst and YoungFordInfoSysMercado LibreMercedes-BenzShopifyPhilipsSociété GénéraleSpotifyVodafoneAmerican AirlinesDuolingoErnst and YoungFordInfoSysMercado LibreMercedes-BenzShopifyPhilipsSociété GénéraleSpotifyVodafoneInstagramTikTokTwitch,"Join the world's most widely adopted, AI-powered developer platform where millions of developers, businesses, and the largest open source community build software that advances humanity."
https://www.twitter.com,X. It’s what’s happening / X,"From breaking news and entertainment to sports and politics, get the full story with all the live commentary."
https://www.ask.com,Ask.com - What's Your Question?,Answers you want. Content for days. What more could you Ask for?
https://www.pinterest.com,Pinterest,"Discover recipes, home ideas, style inspiration and other ideas to try."
https://www.bing.com,Search - Microsoft Bing,"Search with Microsoft Bing and use the power of AI to find information, explore webpages, images, videos, maps, and more. A smart search engine for the forever curious."
https://www.wikipedia.org,Wikipedia,"Wikipedia is a free online encyclopedia, created and edited by volunteers around the world and hosted by the Wikimedia Foundation."
https://www.duckduckgo.com,DuckDuckGo - Protection. Privacy. Peace of mind.,"The Internet privacy company that empowers you to seamlessly take control of your personal information online, without any tradeoffs."
https://www.stackoverflow.com,Newest Questions - Stack Overflow,
https://www.news.ycombinator.com,,
https://www.ycombinator.com,Y CombinatorTwitterFacebookInstagramLinkedInYouTube,Y Combinator created a new model for funding early stage startups. Four times a year we invest in a large number of startups.
https://www.amazon.com,Amazon.com. Spend less. Smile more.,"Free shipping on millions of items. Get the best of Shopping and Entertainment with Prime. Enjoy low prices and great deals on the largest selection of everyday essentials and other products, including fashion, home, beauty, electronics, Alexa Devices, sporting goods, toys, automotive, pets, baby, books, video games, musical instruments, office supplies, and more."
https://www.reddit.com,Reddit - The heart of the internet,"Reddit is where millions of people gather for conversations about the things they care about, in over 100,000 subreddit communities."
https://www.angellist.com,"AngelList – Build, Lead, Invest",AngelList builds the infrastructure that powers the startup economy—providing investors and innovators with the tools to grow.
https://www.producthunt.com,Product Hunt – The best new products in tech.,"Product Hunt is a curation of the best new products, every day. Discover the latest mobile apps, websites, and technology products that everyone's talking about."
https://www.yahoo.com,"Yahoo | Mail, Weather, Search, Politics, News, Finance, Sports & VideosView your LocationsScorpio","Latest news coverage, email, free stock quotes, live scores and video are just the beginning. Discover more every day at Yahoo!"
https://www.crunchbase.com,Crunchbase,
https://www.hackernews.com,Hacker News,
